epoch,categorical_accuracy,loss,lr,val_5-shot_5-way_acc,val_loss
1,0.6553333333333334,4.521665130131941,0.001,0.726,0.7677975136944989
2,0.6950666666666665,0.8386771622219769,0.001,0.772,0.6239345087108582
3,0.7369333333333331,0.7451681389725583,0.001,0.804,0.5464014453757378
4,0.7343999999999997,0.7228273236310494,0.001,0.798,0.5697000258299765
